<?xml version="1.0" encoding="UTF-8"?>

<mule xmlns:db="http://www.mulesoft.org/schema/mule/db" xmlns:http="http://www.mulesoft.org/schema/mule/http" xmlns:scripting="http://www.mulesoft.org/schema/mule/scripting" xmlns="http://www.mulesoft.org/schema/mule/core" xmlns:doc="http://www.mulesoft.org/schema/mule/documentation"
	xmlns:spring="http://www.springframework.org/schema/beans" 
	xmlns:xsi="http://www.w3.org/2001/XMLSchema-instance"
	xsi:schemaLocation="http://www.springframework.org/schema/beans http://www.springframework.org/schema/beans/spring-beans-current.xsd
http://www.mulesoft.org/schema/mule/core http://www.mulesoft.org/schema/mule/core/current/mule.xsd
http://www.mulesoft.org/schema/mule/db http://www.mulesoft.org/schema/mule/db/current/mule-db.xsd
http://www.mulesoft.org/schema/mule/http http://www.mulesoft.org/schema/mule/http/current/mule-http.xsd
http://www.mulesoft.org/schema/mule/scripting http://www.mulesoft.org/schema/mule/scripting/current/mule-scripting.xsd">
    <http:listener-config name="HTTP_Listener_Configuration" host="0.0.0.0" port="8080" basePath="error" doc:name="HTTP Listener Configuration"/>
    <db:mysql-config name="MySQL_Configuration" host="iltdb.mulesoft-training.com" port="3306" user="mule" password="mule" database="training" doc:name="MySQL Configuration"/>
    <http:listener-config name="HTTP_Listener_Configuration1" host="0.0.0.0" port="8081" basePath="exception" doc:name="HTTP Listener Configuration"/>
    <flow name="catchExceptionFlow">
        <http:listener config-ref="HTTP_Listener_Configuration" path="/" doc:name="HTTP"/>
        <scripting:component doc:name="Groovy">
            <scripting:script engine="Groovy"><![CDATA[throw new java.lang.Exception ('exception occured in flow')]]></scripting:script>
        </scripting:component>
        <db:select config-ref="MySQL_Configuration" doc:name="Database">
            <db:parameterized-query><![CDATA[Select * from flights]]></db:parameterized-query>
        </db:select>
        <choice-exception-strategy doc:name="Choice Exception Strategy">
            <catch-exception-strategy when="#[exception.causedBy(java.lang.Exception)]" doc:name="Catch Exception Strategy">
                <set-payload value="#['lang exception']" doc:name="langException"/>
            </catch-exception-strategy>
            <catch-exception-strategy doc:name="Default Exception Strategy">
                <set-payload value="#['generic exception']" doc:name="genericException"/>
            </catch-exception-strategy>
        </choice-exception-strategy>
    </flow>
    <flow name="GlobalExceptionFlow">
        <http:listener config-ref="HTTP_Listener_Configuration1" path="/" doc:name="HTTP"/>
        <scripting:component doc:name="Groovy">
            <scripting:script engine="Groovy"><![CDATA[throw new java.lang.Exception ('exception occured in flow')]]></scripting:script>
        </scripting:component>
        <db:select config-ref="MySQL_Configuration" doc:name="Database">
            <db:parameterized-query><![CDATA[Select * from flights]]></db:parameterized-query>
        </db:select>
        <exception-strategy ref="exceptionhandlingglobal" doc:name="Reference Exception Strategy"/>
    </flow>
</mule>
