<?xml version="1.0" encoding="UTF-8"?>

<mule xmlns="http://www.mulesoft.org/schema/mule/core" xmlns:doc="http://www.mulesoft.org/schema/mule/documentation"
	xmlns:spring="http://www.springframework.org/schema/beans" 
	xmlns:xsi="http://www.w3.org/2001/XMLSchema-instance"
	xsi:schemaLocation="http://www.springframework.org/schema/beans http://www.springframework.org/schema/beans/spring-beans-current.xsd
http://www.mulesoft.org/schema/mule/core http://www.mulesoft.org/schema/mule/core/current/mule.xsd">
    <choice-exception-strategy name="exceptionhandlingglobal">
        <catch-exception-strategy when="#[exception.causedBy(java.lang.Exception)]" doc:name="Catch Exception Strategy">
            <set-payload value="#['in global lang exception block']" doc:name="Set Payload"/>
        </catch-exception-strategy>
        <catch-exception-strategy doc:name="Catch Exception Strategy">
            <set-payload value="#['generic exception']" doc:name="generic"/>
        </catch-exception-strategy>
    </choice-exception-strategy>
</mule>
