<?xml version="1.0" encoding="UTF-8"?>

<mule xmlns:dw="http://www.mulesoft.org/schema/mule/ee/dw" xmlns:metadata="http://www.mulesoft.org/schema/mule/metadata" xmlns:http="http://www.mulesoft.org/schema/mule/http" xmlns="http://www.mulesoft.org/schema/mule/core" xmlns:doc="http://www.mulesoft.org/schema/mule/documentation"
	xmlns:spring="http://www.springframework.org/schema/beans" 
	xmlns:xsi="http://www.w3.org/2001/XMLSchema-instance"
	xsi:schemaLocation="http://www.springframework.org/schema/beans http://www.springframework.org/schema/beans/spring-beans-current.xsd
http://www.mulesoft.org/schema/mule/core http://www.mulesoft.org/schema/mule/core/current/mule.xsd
http://www.mulesoft.org/schema/mule/http http://www.mulesoft.org/schema/mule/http/current/mule-http.xsd
http://www.mulesoft.org/schema/mule/ee/dw http://www.mulesoft.org/schema/mule/ee/dw/current/dw.xsd">
    <http:listener-config name="HTTP_Listener_Configuration" host="0.0.0.0" port="8081" doc:name="HTTP Listener Configuration"/>
    <flow name="revisionstuffFlow">
        <http:listener config-ref="HTTP_Listener_Configuration" path="/java" doc:name="HTTP"/>
        <dw:transform-message doc:name="Transform Message" metadata:id="8bee97a6-ade4-4665-b269-ecad63773426">
            <dw:input-payload doc:sample="sample_data\empty.xml"/>
            <dw:set-payload><![CDATA[%dw 1.0
%type user = :object { class: "revisionstuff.testWeave"}
%output application/java
---
{
	firstName: payload.user.fname,
	lastName: payload.user.lname
} as :user]]></dw:set-payload>
        </dw:transform-message>
        <byte-array-to-string-transformer doc:name="Byte Array to String"/>
    </flow>
</mule>
