<?xml version="1.0" encoding="UTF-8"?>

<mule xmlns:dw="http://www.mulesoft.org/schema/mule/ee/dw" xmlns:metadata="http://www.mulesoft.org/schema/mule/metadata" xmlns:http="http://www.mulesoft.org/schema/mule/http" xmlns="http://www.mulesoft.org/schema/mule/core" xmlns:doc="http://www.mulesoft.org/schema/mule/documentation"
	xmlns:spring="http://www.springframework.org/schema/beans" 
	xmlns:xsi="http://www.w3.org/2001/XMLSchema-instance"
	xsi:schemaLocation="http://www.springframework.org/schema/beans http://www.springframework.org/schema/beans/spring-beans-current.xsd
http://www.mulesoft.org/schema/mule/core http://www.mulesoft.org/schema/mule/core/current/mule.xsd
http://www.mulesoft.org/schema/mule/http http://www.mulesoft.org/schema/mule/http/current/mule-http.xsd
http://www.mulesoft.org/schema/mule/ee/dw http://www.mulesoft.org/schema/mule/ee/dw/current/dw.xsd">
    <http:listener-config name="HTTP_Listener_Configuration" host="0.0.0.0" port="8081" doc:name="HTTP Listener Configuration"/>
    <flow name="transformmessageFlow">
        <http:listener config-ref="HTTP_Listener_Configuration" path="/test" doc:name="HTTP"/>
        <set-payload value="[{&quot;airlineName&quot;:&quot;United&quot;,&quot;price&quot;:400,&quot;departureDate&quot;:&quot;2015/03/20&quot;,&quot;planeType&quot;:&quot;Boeing 737&quot;, &quot;origination&quot;:&quot;MUA&quot;,&quot;flightCode&quot;:&quot;ER38sd&quot;,&quot;availableSeats&quot;:0,&quot;destination&quot;:&quot;SFO&quot;}, {&quot;airlineName&quot;:&quot;United&quot;,&quot;price&quot;:945,&quot;departureDate&quot;:&quot;2015/09/11&quot;,&quot;planeType&quot;:&quot;Boeing 757&quot;, &quot;origination&quot;:&quot;MUA&quot;,&quot;flightCode&quot;:&quot;ER39rk&quot;,&quot;availableSeats&quot;:54,&quot;destination&quot;:&quot;SFO&quot;}, {&quot;airlineName&quot;:&quot;United&quot;,&quot;price&quot;:954,&quot;departureDate&quot;:&quot;2015/02/12&quot;,&quot;planeType&quot;:&quot;Boeing 777&quot;, &quot;origination&quot;:&quot;MUA&quot;,&quot;flightCode&quot;:&quot;ER39rj&quot;,&quot;availableSeats&quot;:23,&quot;destination&quot;:&quot;SFO&quot;}]" doc:name="Set Payload"/>
        <dw:transform-message doc:name="Transform Message" metadata:id="ae313140-5a4b-4119-9011-67445b55ceee">
            <dw:input-payload doc:sample="sample_data\json.json"/>
            <dw:set-payload><![CDATA[%dw 1.0
%output application/xml
---
flightData: {(
	payload map {
		flight: $$,
		carrierName: $.airlineName,
		origin: $.origination,
		dest: $.destination,
		price: $.price,
		flightCode: $.code,
		depDate: $.departureDate as :date {format: "yyyy/MM/dd"} as :string,
		plane: $.planeType replace "Boing" with upper "Boeing"	
	}
)} 
]]></dw:set-payload>
        </dw:transform-message>
    </flow>
    <flow name="transformmessageFlow1">
        <http:listener config-ref="HTTP_Listener_Configuration" path="/test2" doc:name="HTTP"/>
        <set-payload value="&lt;ns2:listAllFlightsResponse xmlns:ns2=&quot;http://soap.training.mulesoft.com/&quot;&gt; &lt;return airlineName=&quot;United&quot;&gt;&lt;code&gt;A1B2C3&lt;/code&gt;&lt;departureDate&gt;2015/10/20&lt;/departureDate&gt; &lt;destination&gt;SFO&lt;/destination&gt;&lt;emptySeats&gt;40&lt;/emptySeats&gt;&lt;origin&gt;MUA&lt;/origin&gt; &lt;planeType&gt;Boing 737&lt;/planeType&gt;&lt;price&gt;400.0&lt;/price&gt;&lt;/return&gt; &lt;return airlineName=&quot;Delta&quot;&gt;&lt;code&gt;A1B2C4&lt;/code&gt;&lt;departureDate&gt;2015/10/21&lt;/departureDate&gt; &lt;destination&gt;LAX&lt;/destination&gt;&lt;emptySeats&gt;10&lt;/emptySeats&gt;&lt;origin&gt;MUA&lt;/origin&gt; &lt;planeType&gt;Boing 737&lt;/planeType&gt;&lt;price&gt;199.99&lt;/price&gt;&lt;/return&gt;&lt;return airlineName=&quot;Delta&quot;&gt; &lt;code&gt;AFFFC5&lt;/code&gt;&lt;departureDate&gt;2015/10/21&lt;/departureDate&gt;&lt;destination&gt;PDX&lt;/destination&gt; &lt;emptySeats&gt;30&lt;/emptySeats&gt;&lt;origin&gt;MUA&lt;/origin&gt;&lt;planeType&gt;Boing 777&lt;/planeType&gt;&lt;price&gt;283.0&lt;/price&gt; &lt;/return&gt;&lt;return airlineName=&quot;Delta&quot;&gt;&lt;code&gt;AFFFC4&lt;/code&gt;&lt;departureDate&gt;2015/10/20&lt;/departureDate&gt; &lt;destination&gt;PDX&lt;/destination&gt;&lt;emptySeats&gt;0&lt;/emptySeats&gt;&lt;origin&gt;MUA&lt;/origin&gt; &lt;planeType&gt;Boing 777&lt;/planeType&gt;&lt;price&gt;283.0&lt;/price&gt;&lt;/return&gt;&lt;return airlineName=&quot;Delta&quot;&gt; &lt;code&gt;AFFFC3&lt;/code&gt;&lt;departureDate&gt;2015/10/20&lt;/departureDate&gt;&lt;destination&gt;PDX&lt;/destination&gt; &lt;emptySeats&gt;23&lt;/emptySeats&gt;&lt;origin&gt;MUA&lt;/origin&gt;&lt;planeType&gt;Boing 777&lt;/planeType&gt;&lt;price&gt;283.0&lt;/price&gt;&lt;/return&gt; &lt;/ns2:listAllFlightsResponse&gt;" mimeType="application/xml" doc:name="Set Payload"/>
        <dw:transform-message doc:name="Transform Message">
            <dw:input-payload doc:sample="sample_data\empty.xml"/>
            <dw:set-payload><![CDATA[%dw 1.0
%output application/json
%type currency = :number {format: "###.##"}
---
payload.listAllFlightsResponse.*return map {
		carrierName: $.@airlineName,
			dest: $.destination,
			price: $.price as :currency,
			flightCode: $.code,
			depDate: $.departureDate as :date {format: "yyyy/MM/dd"} as :string,
			plane: $.planeType replace "Boing" with upper "Boeing",
			aSeats: $.emptySeats as :number
		} orderBy $.aSeats distinctBy $
]]></dw:set-payload>
        </dw:transform-message>
    </flow>
</mule>
