<?xml version="1.0" encoding="UTF-8"?>

<mule xmlns:dw="http://www.mulesoft.org/schema/mule/ee/dw" xmlns:metadata="http://www.mulesoft.org/schema/mule/metadata" xmlns:ws="http://www.mulesoft.org/schema/mule/ws" xmlns:tracking="http://www.mulesoft.org/schema/mule/ee/tracking" xmlns:http="http://www.mulesoft.org/schema/mule/http" xmlns="http://www.mulesoft.org/schema/mule/core" xmlns:doc="http://www.mulesoft.org/schema/mule/documentation"
	xmlns:spring="http://www.springframework.org/schema/beans" 
	xmlns:xsi="http://www.w3.org/2001/XMLSchema-instance"
	xsi:schemaLocation="http://www.springframework.org/schema/beans http://www.springframework.org/schema/beans/spring-beans-current.xsd
http://www.mulesoft.org/schema/mule/core http://www.mulesoft.org/schema/mule/core/current/mule.xsd
http://www.mulesoft.org/schema/mule/http http://www.mulesoft.org/schema/mule/http/current/mule-http.xsd
http://www.mulesoft.org/schema/mule/ee/tracking http://www.mulesoft.org/schema/mule/ee/tracking/current/mule-tracking-ee.xsd
http://www.mulesoft.org/schema/mule/ws http://www.mulesoft.org/schema/mule/ws/current/mule-ws.xsd
http://www.mulesoft.org/schema/mule/ee/dw http://www.mulesoft.org/schema/mule/ee/dw/current/dw.xsd">
    <http:listener-config name="HTTP_Listener_Configuration" host="0.0.0.0" port="8081" doc:name="HTTP Listener Configuration"/>
    <http:request-config name="HTTP_Request_Configuration" host="ilt.mulesoft-training.com" port="80" basePath="/essentials/united/flights" doc:name="HTTP Request Configuration"/>
    <http:listener-config name="HTTP_Listener_Configuration1" host="localhost" port="8081" doc:name="HTTP Listener Configuration"/>
    <http:request-config name="banking_HTTP_Request_Configuration" host="training.cloudhub.io" port="80" basePath="/build/banking/rest" doc:name="HTTP Request Configuration"/>
    <ws:consumer-config name="delta_Web_Service_Consumer" service="TicketServiceService" port="TicketServicePort" serviceAddress="http://training.cloudhub.io/essentials/delta" wsdlLocation="http://ilt.mulesoft-training.com/essentials/delta?wsdl" doc:name="Web Service Consumer"/>
    <http:request-config name="HTTP_Request_Configuration1" doc:name="HTTP Request Configuration">
        <http:raml-api-configuration location="https://anypoint.mulesoft.com/apiplatform/repository/public/organizations/1203/apis/9565/versions/9867/files/root"/>
    </http:request-config>
    <flow name="getDetlaFlightsFlow">
        <http:listener config-ref="HTTP_Listener_Configuration1" path="/delta" allowedMethods="GET" doc:name="HTTP"/>
        <ws:consumer config-ref="delta_Web_Service_Consumer" operation="listAllFlights" doc:name="Delta SOAP service"/>
        <logger message="#[payload]" level="INFO" doc:name="Logger"/>
    </flow>
    <flow name="unitedFlow1">
        <http:listener config-ref="HTTP_Listener_Configuration" path="/united" doc:name="HTTP" allowedMethods="GET"/>
        <set-variable variableName="destination" value="#[(message.inboundProperties.'http.query.params'.code==empty) ? 'SFO' : message.inboundProperties.'http.query.params'.code]" doc:name="set destination"/>
        <http:request config-ref="HTTP_Request_Configuration" path="/{destination}" method="GET" doc:name="invokeUnited REST service" metadata:id="d59b39e3-d5d9-49be-a774-cfd0083efb95">
            <http:request-builder>
                <http:uri-param paramName="destination" value="#[flowVars.destination]"/>
            </http:request-builder>
        </http:request>
        <dw:transform-message doc:name="json to java" metadata:id="21af9166-a030-4532-bffb-686ecb38a175">
            <dw:input-payload mimeType="application/json"/>
            <dw:set-payload><![CDATA[%dw 1.0
%output application/json
%type currency = :number {format: "###.##"}
---
	payload.listAllFlightsResponse.*return map {
		carrierName: $.@airlineName,
			dest: $.destination,
			price: $.price as :currency,
			flightCode: $.code,
			depDate: $.departureDate as :date {format: "yyyy/MM/dd"} as :string,
			plane: $.planeType replace "Boing" with upper "Boeing",
			aSeats: $.emptySeats as :number
		} orderBy $.price distinctBy $]]></dw:set-payload>
        </dw:transform-message>
        <logger message="#[payload]" level="INFO" doc:name="Logger"/>
    </flow>
    <flow name="apessentialsFlow">
        <http:listener config-ref="HTTP_Listener_Configuration" path="/hello" doc:name="HTTPlistener" allowedMethods="GET"/>
        <flow-ref name="subFlow1" doc:name="subFlow1Ref"/>
        <flow-ref name="apessentialsSub_Flow" doc:name="apessentialsSub_Flow"/>

        <logger level="INFO" doc:name="Logger" message="#[payload + &quot;; Name: &quot; + flowVars.qpName + &quot;; Type: &quot; + sessionVars.qpType + &quot;; color:&quot; + message.outboundProperties.qpColor]"/>
    </flow>
    <sub-flow name="subFlow1">
        <set-payload value="#[&quot;Hello World!&quot;.toUpperCase()]" doc:name="Set Payload"/>
        <set-variable variableName="qpName" value="#[message.inboundProperties.'http.query.params'.name]" doc:name="Variable"/>
    </sub-flow>
    <sub-flow name="apessentialsSub_Flow">
        <set-session-variable variableName="qpType" value="#[message.inboundProperties.'http.query.params'.type]" doc:name="Session Variable"/>
        <set-property propertyName="qpColor" value="#[message.inboundProperties.'http.query.params'.color]" doc:name="Property"/>
    </sub-flow>

</mule>
