<?xml version="1.0" encoding="UTF-8"?>

<mule xmlns:http="http://www.mulesoft.org/schema/mule/http" xmlns="http://www.mulesoft.org/schema/mule/core" xmlns:doc="http://www.mulesoft.org/schema/mule/documentation"
	xmlns:spring="http://www.springframework.org/schema/beans" 
	xmlns:xsi="http://www.w3.org/2001/XMLSchema-instance"
	xsi:schemaLocation="http://www.springframework.org/schema/beans http://www.springframework.org/schema/beans/spring-beans-current.xsd
http://www.mulesoft.org/schema/mule/core http://www.mulesoft.org/schema/mule/core/current/mule.xsd
http://www.mulesoft.org/schema/mule/http http://www.mulesoft.org/schema/mule/http/current/mule-http.xsd">
    <http:listener-config name="HTTP_Listener_Configuration" host="0.0.0.0" port="8081" doc:name="HTTP Listener Configuration"/>
    <spring:beans>
    	<spring:bean class="com.demo.entrypoint.invokeSpringSimple"
    	 name="invokespringsample">
    	</spring:bean>
    </spring:beans>
    <flow name="javacomponentstuffFlow">
        <http:listener config-ref="HTTP_Listener_Configuration" path="/invoke" doc:name="HTTP"/>
        <invoke  object-ref="invokespringsample" method="methodA" name="InvokeSpringbeanMethodA"/>
        <echo-component doc:name="Echo"/>
        <invoke  object-ref="invokespringsample" method="methodB" name="InvokeSpringbeaMethodB"/>
        <echo-component doc:name="Echo"/>
        <invoke  object-ref="invokespringsample" method="methodC" methodArguments="#[message.inboundProperties.'http.query.params'.['name']], #[message.inboundProperties.'http.query.params'.['age']]" name="InvokeSpringbeaMethodC"/>
        <echo-component doc:name="Echo"/>
    </flow>
    
</mule>
